gene_symbol,sgRNA_pair_id,sgRNA_1_seq,sgRNA_1_ID,sgRNA_2_seq,sgRNA_2_ID,id,opool_seq
ACTN4,108_ACTN4_P1P2_ENSG00000130402,GAGCTGAGGCGGGAGCGGAC,ACTN4_-_39138358.23-P1P2,GCGGGCTGAAGCAGCTGAAG,ACTN4_-_39138303.23-P1P2,ACTN4_1,GTGTAACCCGTAGGGCACCTCGTCTCACACCGAGCTGAGGCGGGAGCGGACGTTTAGCTGCAGGTGTACAGGTACCTAGCGTGACGCACCTGCCTGACCCCGCGGGCTGAAGCAGCTGAAGGTTTCGAGACGGTCGAAGGACTGCTCTCGAC
AHNAK,208_AHNAK_P1_ENSG00000124942,GGCGGGCGGTGCAGTCCCCG,AHNAK_-_62314257.23-P1,GGCGGTGCTGCGGCTACTGG,AHNAK_-_62314203.23-P1,AHNAK_2,GTGTAACCCGTAGGGCACCTCGTCTCACACCGGCGGGCGGTGCAGTCCCCGGTTTAGCTGCAGGTGTACAGGTACCTAGCGTGACGCACCTGCCTGACCCCGGCGGTGCTGCGGCTACTGGGTTTCGAGACGGTCGAAGGACTGCTCTCGAC
AHR,210_AHR_P1P2_ENSG00000106546,GGACCGCCAGCTCAGAACAG,AHR_-_17338343.23-P1P2,GGTTCTGAGCTGGCGGTCCG,AHR_+_17338317.23-P1P2,AHR_3,GTGTAACCCGTAGGGCACCTCGTCTCACACCGGACCGCCAGCTCAGAACAGGTTTAGCTGCAGGTGTACAGGTACCTAGCGTGACGCACCTGCCTGACCCCGGTTCTGAGCTGGCGGTCCGGTTTCGAGACGGTCGAAGGACTGCTCTCGAC
ALG3,270_ALG3_P1P2_ENSG00000214160,GCTGGGCCGCGGAACCGGAC,ALG3_-_183966701.23-P1P2,GCGGCGCACCGTTAAGATGG,ALG3_+_183966721.23-P1P2,ALG3_4,GTGTAACCCGTAGGGCACCTCGTCTCACACCGCTGGGCCGCGGAACCGGACGTTTAGCTGCAGGTGTACAGGTACCTAGCGTGACGCACCTGCCTGACCCCGCGGCGCACCGTTAAGATGGGTTTCGAGACGGTCGAAGGACTGCTCTCGAC
ANAPC11,302_ANAPC11_P1P2_ENSG00000141552,GGACTCGGCGGGCGCTGTTG,ANAPC11_-_79849637.23-P1P2,GGCCCTTCCGTTGGCAGCGC,ANAPC11_+_79849685.23-P1P2,ANAPC11_5,GTGTAACCCGTAGGGCACCTCGTCTCACACCGGACTCGGCGGGCGCTGTTGGTTTAGCTGCAGGTGTACAGGTACCTAGCGTGACGCACCTGCCTGACCCCGGCCCTTCCGTTGGCAGCGCGTTTCGAGACGGTCGAAGGACTGCTCTCGAC
ANP32B,354_ANP32B_P1P2_ENSG00000136938,GCGGGAGCGGAGAGAAACCA,ANP32B_+_100745631.23-P1P2,GGAGCTGAGGAACCGGACCC,ANP32B_-_100745885.23-P1P2,ANP32B_6,GTGTAACCCGTAGGGCACCTCGTCTCACACCGCGGGAGCGGAGAGAAACCAGTTTAGCTGCAGGTGTACAGGTACCTAGCGTGACGCACCTGCCTGACCCCGGAGCTGAGGAACCGGACCCGTTTCGAGACGGTCGAAGGACTGCTCTCGAC
ARHGAP12,458_ARHGAP12_P1P2_ENSG00000165322,GCGCGGGTCCTGGCGGACGG,ARHGAP12_+_32217575.23-P1P2,GAAGAGCGTTCACACGGCTA,ARHGAP12_-_32217708.23-P1P2,ARHGAP12_7,GTGTAACCCGTAGGGCACCTCGTCTCACACCGCGCGGGTCCTGGCGGACGGGTTTAGCTGCAGGTGTACAGGTACCTAGCGTGACGCACCTGCCTGACCCCGAAGAGCGTTCACACGGCTAGTTTCGAGACGGTCGAAGGACTGCTCTCGAC
ARIH2,498_ARIH2_P1P2_ENSG00000177479,GGGACCGGATTGGGGCGAAG,ARIH2_+_48956345.23-P1P2,GGCTGTGGGGACGACTCTTC,ARIH2_-_48956298.23-P1P2,ARIH2_8,GTGTAACCCGTAGGGCACCTCGTCTCACACCGGGACCGGATTGGGGCGAAGGTTTAGCTGCAGGTGTACAGGTACCTAGCGTGACGCACCTGCCTGACCCCGGCTGTGGGGACGACTCTTCGTTTCGAGACGGTCGAAGGACTGCTCTCGAC
ARRDC3,551_ARRDC3_P1P2_ENSG00000113369,GGTGGTCTCCTTACAAAGAC,ARRDC3_-_90679136.23-P1P2,GTTAGCCGCCCGTCTTTGTA,ARRDC3_+_90679122.23-P1P2,ARRDC3_9,GTGTAACCCGTAGGGCACCTCGTCTCACACCGGTGGTCTCCTTACAAAGACGTTTAGCTGCAGGTGTACAGGTACCTAGCGTGACGCACCTGCCTGACCCCGTTAGCCGCCCGTCTTTGTAGTTTCGAGACGGTCGAAGGACTGCTCTCGAC
ASAH1,560_ASAH1_P1P2_ENSG00000104763,GACTCCCCGGACTCCAGCAG,ASAH1_-_17941607.23-P1P2,GAGGCGACGCAACTCCGGCC,ASAH1_-_17941563.23-P1P2,ASAH1_10,GTGTAACCCGTAGGGCACCTCGTCTCACACCGACTCCCCGGACTCCAGCAGGTTTAGCTGCAGGTGTACAGGTACCTAGCGTGACGCACCTGCCTGACCCCGAGGCGACGCAACTCCGGCCGTTTCGAGACGGTCGAAGGACTGCTCTCGAC
C7orf26,1118_C7orf26_P1P2_ENSG00000146576,GCCGCCGCGCAGCCGAACAG,C7orf26_+_6629657.23-P1P2,GGCGCCCGAAGGTCCGACTG,C7orf26_+_6629704.23-P1P2,C7orf26_11,GTGTAACCCGTAGGGCACCTCGTCTCACACCGCCGCCGCGCAGCCGAACAGGTTTAGCTGCAGGTGTACAGGTACCTAGCGTGACGCACCTGCCTGACCCCGGCGCCCGAAGGTCCGACTGGTTTCGAGACGGTCGAAGGACTGCTCTCGAC
CAND1,1171_CAND1_P1P2_ENSG00000111530,GCGCGGCTGCGAGAACCCCG,CAND1_+_67663593.23-P1P2,GGCGAGAGGAGGAGCTCCAG,CAND1_-_67663424.23-P1P2,CAND1_12,GTGTAACCCGTAGGGCACCTCGTCTCACACCGCGCGGCTGCGAGAACCCCGGTTTAGCTGCAGGTGTACAGGTACCTAGCGTGACGCACCTGCCTGACCCCGGCGAGAGGAGGAGCTCCAGGTTTCGAGACGGTCGAAGGACTGCTCTCGAC
CCDC117,1247_CCDC117_P1P2_ENSG00000159873,GCGTGACGTGGGGTCGAGAG,CCDC117_-_29168733.23-P1P2,GTTCTAGAAGGCGTGACGTG,CCDC117_-_29168723.23-P1P2,CCDC117_13,GTGTAACCCGTAGGGCACCTCGTCTCACACCGCGTGACGTGGGGTCGAGAGGTTTAGCTGCAGGTGTACAGGTACCTAGCGTGACGCACCTGCCTGACCCCGTTCTAGAAGGCGTGACGTGGTTTCGAGACGGTCGAAGGACTGCTCTCGAC
CCNC,1319_CCNC_P1P2_ENSG00000112237,GGAGGAGCGCGGTTACCGGA,CCNC_+_100016473.23-P1P2,GGCTCGACTCCGCTCCGCGG,CCNC_-_100016531.23-P1P2,CCNC_14,GTGTAACCCGTAGGGCACCTCGTCTCACACCGGAGGAGCGCGGTTACCGGAGTTTAGCTGCAGGTGTACAGGTACCTAGCGTGACGCACCTGCCTGACCCCGGCTCGACTCCGCTCCGCGGGTTTCGAGACGGTCGAAGGACTGCTCTCGAC
CDK8,1442_CDK8_P1P2_ENSG00000132964,GAAGGAGAGCCGAGGGACGA,CDK8_+_26828515.23-P1P2,GCCCGGCGAAGGAGAGCCGA,CDK8_+_26828522.23-P1P2,CDK8_15,GTGTAACCCGTAGGGCACCTCGTCTCACACCGAAGGAGAGCCGAGGGACGAGTTTAGCTGCAGGTGTACAGGTACCTAGCGTGACGCACCTGCCTGACCCCGCCCGGCGAAGGAGAGCCGAGTTTCGAGACGGTCGAAGGACTGCTCTCGAC
CHEK2,1569_CHEK2_P1P2_ENSG00000183765,GCGAGAGGGGAGGACGGATC,CHEK2_-_29138399.23-P1P2,GCTGCAGCGCTCGGCACTGT,CHEK2_+_29138256.23-P1P2,CHEK2_16,GTGTAACCCGTAGGGCACCTCGTCTCACACCGCGAGAGGGGAGGACGGATCGTTTAGCTGCAGGTGTACAGGTACCTAGCGTGACGCACCTGCCTGACCCCGCTGCAGCGCTCGGCACTGTGTTTCGAGACGGTCGAAGGACTGCTCTCGAC
CLTA,1681_CLTA_P1P2_ENSG00000122705,GCGCCCGGCAGCCACCGCTG,CLTA_+_36190967.23-P1P2,GAGGAGGACAAGCGCCAGGA,CLTA_+_36190932.23-P1P2,CLTA_17,GTGTAACCCGTAGGGCACCTCGTCTCACACCGCGCCCGGCAGCCACCGCTGGTTTAGCTGCAGGTGTACAGGTACCTAGCGTGACGCACCTGCCTGACCCCGAGGAGGACAAGCGCCAGGAGTTTCGAGACGGTCGAAGGACTGCTCTCGAC
CREBBP,1865_CREBBP_P1P2_ENSG00000005339,GTTGTGGGGCCCGGGACCGG,CREBBP_-_3930644.23-P1P2,GGCTTCGAGCGCGATCTACT,CREBBP_+_3930647.23-P1P2,CREBBP_18,GTGTAACCCGTAGGGCACCTCGTCTCACACCGTTGTGGGGCCCGGGACCGGGTTTAGCTGCAGGTGTACAGGTACCTAGCGTGACGCACCTGCCTGACCCCGGCTTCGAGCGCGATCTACTGTTTCGAGACGGTCGAAGGACTGCTCTCGAC
CSK,1896_CSK_P1P2_ENSG00000103653,GGCTCGCCCAGGGCTCCGCT,CSK_+_75074463.23-P1P2,GCGGGTCGCGGAGGGAAGAA,CSK_+_75074850.23-P1P2,CSK_19,GTGTAACCCGTAGGGCACCTCGTCTCACACCGGCTCGCCCAGGGCTCCGCTGTTTAGCTGCAGGTGTACAGGTACCTAGCGTGACGCACCTGCCTGACCCCGCGGGTCGCGGAGGGAAGAAGTTTCGAGACGGTCGAAGGACTGCTCTCGAC
CST3,1913_CST3_P1P2_ENSG00000101439,GAGGCTGGAGCTAGATAGAG,CST3_-_23618563.23-P1P2,GAGGACCCGCTGCGATACCG,CST3_-_23618582.23-P1P2,CST3_20,GTGTAACCCGTAGGGCACCTCGTCTCACACCGAGGCTGGAGCTAGATAGAGGTTTAGCTGCAGGTGTACAGGTACCTAGCGTGACGCACCTGCCTGACCCCGAGGACCCGCTGCGATACCGGTTTCGAGACGGTCGAAGGACTGCTCTCGAC
CUL3,1962_CUL3_P1P2_ENSG00000036257,GGTCCCCCTCACGTCCGGCT,CUL3_-_225449997.23-P1P2,GCGAGATCCGGCCCAGAGGG,CUL3_-_225450135.23-P1P2,CUL3_21,GTGTAACCCGTAGGGCACCTCGTCTCACACCGGTCCCCCTCACGTCCGGCTGTTTAGCTGCAGGTGTACAGGTACCTAGCGTGACGCACCTGCCTGACCCCGCGAGATCCGGCCCAGAGGGGTTTCGAGACGGTCGAAGGACTGCTCTCGAC
CUL5,1965_CUL5_P1P2_ENSG00000166266,GCCCAAAGAGCCGAACCCGG,CUL5_+_107880135.23-P1P2,GGCGGCGGGTGCAACCACAA,CUL5_-_107879730.23-P1P2,CUL5_22,GTGTAACCCGTAGGGCACCTCGTCTCACACCGCCCAAAGAGCCGAACCCGGGTTTAGCTGCAGGTGTACAGGTACCTAGCGTGACGCACCTGCCTGACCCCGGCGGCGGGTGCAACCACAAGTTTCGAGACGGTCGAAGGACTGCTCTCGAC
CYC1,1999_CYC1_P1P2_ENSG00000179091,GCAGGGGCCGACGGGAGTGG,CYC1_-_145149982.23-P1P2,GCCCCAGGGGCCGACGGGAG,CYC1_-_145149979.23-P1P2,CYC1_23,GTGTAACCCGTAGGGCACCTCGTCTCACACCGCAGGGGCCGACGGGAGTGGGTTTAGCTGCAGGTGTACAGGTACCTAGCGTGACGCACCTGCCTGACCCCGCCCCAGGGGCCGACGGGAGGTTTCGAGACGGTCGAAGGACTGCTCTCGAC
CYP2R1,2006_CYP2R1_P1P2_ENSG00000186104,GGCAAGACGCCCGCACCTGA,CYP2R1_-_14913179.23-P1P2,GCACCCTGGACCTGAAGTGG,CYP2R1_-_14913209.23-P1P2,CYP2R1_24,GTGTAACCCGTAGGGCACCTCGTCTCACACCGGCAAGACGCCCGCACCTGAGTTTAGCTGCAGGTGTACAGGTACCTAGCGTGACGCACCTGCCTGACCCCGCACCCTGGACCTGAAGTGGGTTTCGAGACGGTCGAAGGACTGCTCTCGAC
DCAF17,2054_DCAF17_P1P2_ENSG00000115827,GGCCGGAGCCGCTCTCTCAC,DCAF17_+_172290777.23-P1P2,GGAAGCCGGGCTGCCTCACG,DCAF17_-_172290758.23-P1P2,DCAF17_25,GTGTAACCCGTAGGGCACCTCGTCTCACACCGGCCGGAGCCGCTCTCTCACGTTTAGCTGCAGGTGTACAGGTACCTAGCGTGACGCACCTGCCTGACCCCGGAAGCCGGGCTGCCTCACGGTTTCGAGACGGTCGAAGGACTGCTCTCGAC
DGKD,2176_DGKD_P1P2_ENSG00000077044,GTGGCCCGGCAGCATGGCGG,DGKD_-_234263173.23-P1P2,GTGTCGGACGACTCCTCGGG,DGKD_+_234263221.23-P1P2,DGKD_26,GTGTAACCCGTAGGGCACCTCGTCTCACACCGTGGCCCGGCAGCATGGCGGGTTTAGCTGCAGGTGTACAGGTACCTAGCGTGACGCACCTGCCTGACCCCGTGTCGGACGACTCCTCGGGGTTTCGAGACGGTCGAAGGACTGCTCTCGAC
DPH2,2347_DPH2_P1P2_ENSG00000132768,GGGCTGAAGGGGATACTCAC,DPH2_-_44435714.23-P1P2,GGCGCTGCAGCGAGAGACCG,DPH2_-_44435901.23-P1P2,DPH2_27,GTGTAACCCGTAGGGCACCTCGTCTCACACCGGGCTGAAGGGGATACTCACGTTTAGCTGCAGGTGTACAGGTACCTAGCGTGACGCACCTGCCTGACCCCGGCGCTGCAGCGAGAGACCGGTTTCGAGACGGTCGAAGGACTGCTCTCGAC
EP300,2657_EP300_P1P2_ENSG00000100393,GGCTCCGACGGCACCCGAGG,EP300_+_41488885.23-P1P2,GCTACCGCTAGCCTGTAAGG,EP300_-_41487756.23-P1P2,EP300_28,GTGTAACCCGTAGGGCACCTCGTCTCACACCGGCTCCGACGGCACCCGAGGGTTTAGCTGCAGGTGTACAGGTACCTAGCGTGACGCACCTGCCTGACCCCGCTACCGCTAGCCTGTAAGGGTTTCGAGACGGTCGAAGGACTGCTCTCGAC
FHOD1,3081_FHOD1_P1P2_ENSG00000135723,GTTGAGTAGAAGCTGCACTG,FHOD1_+_67281354.23-P1P2,GTCCGGCCGGGCCCGAACCG,FHOD1_+_67281390.23-P1P2,FHOD1_29,GTGTAACCCGTAGGGCACCTCGTCTCACACCGTTGAGTAGAAGCTGCACTGGTTTAGCTGCAGGTGTACAGGTACCTAGCGTGACGCACCTGCCTGACCCCGTCCGGCCGGGCCCGAACCGGTTTCGAGACGGTCGAAGGACTGCTCTCGAC
FLYWCH1,3115_FLYWCH1_P1P2_ENSG00000059122,GCACGGGGCTCGCTCCCGAG,FLYWCH1_-_2962011.23-P1P2,GCGCCGCCGCCACCCCGACC,FLYWCH1_+_2962036.23-P1P2,FLYWCH1_30,GTGTAACCCGTAGGGCACCTCGTCTCACACCGCACGGGGCTCGCTCCCGAGGTTTAGCTGCAGGTGTACAGGTACCTAGCGTGACGCACCTGCCTGACCCCGCGCCGCCGCCACCCCGACCGTTTCGAGACGGTCGAAGGACTGCTCTCGAC
FOXD3,3151_FOXD3_P1_ENSG00000187140,GGGCAGGGACAGTAGCGGGG,FOXD3_+_63788295.23-P1,GTAGTACCGAGCGCCAGGGA,FOXD3_-_63788488.23-P1,FOXD3_31,GTGTAACCCGTAGGGCACCTCGTCTCACACCGGGCAGGGACAGTAGCGGGGGTTTAGCTGCAGGTGTACAGGTACCTAGCGTGACGCACCTGCCTGACCCCGTAGTACCGAGCGCCAGGGAGTTTCGAGACGGTCGAAGGACTGCTCTCGAC
FRYL,3204_FRYL_P1P2_ENSG00000075539,GACTAGGACTGGGAACGGGT,FRYL_+_48782089.23-P1P2,GCTCTCTCCCAGAGCCCGAC,FRYL_-_48782290.23-P1P2,FRYL_32,GTGTAACCCGTAGGGCACCTCGTCTCACACCGACTAGGACTGGGAACGGGTGTTTAGCTGCAGGTGTACAGGTACCTAGCGTGACGCACCTGCCTGACCCCGCTCTCTCCCAGAGCCCGACGTTTCGAGACGGTCGAAGGACTGCTCTCGAC
GATA4,3295_GATA4_P1P2_ENSG00000136574,GGCGGCGACGAAGCCTCTCG,GATA4_+_11561738.23-P1P2,GGTTCCGCGCACGCTCCCCT,GATA4_+_11561776.23-P1P2,GATA4_33,GTGTAACCCGTAGGGCACCTCGTCTCACACCGGCGGCGACGAAGCCTCTCGGTTTAGCTGCAGGTGTACAGGTACCTAGCGTGACGCACCTGCCTGACCCCGGTTCCGCGCACGCTCCCCTGTTTCGAGACGGTCGAAGGACTGCTCTCGAC
GATA6,3297_GATA6_P1P2_ENSG00000141448,GAGGCGCGGAGAGAAGCCGA,GATA6_+_19749572.23-P1P2,GCGGAGGGTGCTCCCAGGCG,GATA6_+_19749586.23-P1P2,GATA6_34,GTGTAACCCGTAGGGCACCTCGTCTCACACCGAGGCGCGGAGAGAAGCCGAGTTTAGCTGCAGGTGTACAGGTACCTAGCGTGACGCACCTGCCTGACCCCGCGGAGGGTGCTCCCAGGCGGTTTCGAGACGGTCGAAGGACTGCTCTCGAC
GFM1,3346_GFM1_P1P2_ENSG00000168827,GACCGGCAGCTGAACCCACC,GFM1_-_158362387.23-P1P2,GAAGTCCCGTGGCGCCGGGT,GFM1_+_158362379.23-P1P2,GFM1_35,GTGTAACCCGTAGGGCACCTCGTCTCACACCGACCGGCAGCTGAACCCACCGTTTAGCTGCAGGTGTACAGGTACCTAGCGTGACGCACCTGCCTGACCCCGAAGTCCCGTGGCGCCGGGTGTTTCGAGACGGTCGAAGGACTGCTCTCGAC
GLMN,3398_GLMN_P1P2_ENSG00000174842,GCGGGCTAAGACGCCGGAGG,GLMN_+_92764515.23-P1P2,GCGAGTCAGCCCGGTCCTCA,GLMN_-_92764279.23-P1P2,GLMN_36,GTGTAACCCGTAGGGCACCTCGTCTCACACCGCGGGCTAAGACGCCGGAGGGTTTAGCTGCAGGTGTACAGGTACCTAGCGTGACGCACCTGCCTGACCCCGCGAGTCAGCCCGGTCCTCAGTTTCGAGACGGTCGAAGGACTGCTCTCGAC
HIRA,3740_HIRA_P2_ENSG00000100084,GAGGAGCGGCGCAGGGGATG,HIRA_+_19419212.23-P2,GGCCCGGGAGCCGCCTGAGG,HIRA_+_19419231.23-P2,HIRA_37,GTGTAACCCGTAGGGCACCTCGTCTCACACCGAGGAGCGGCGCAGGGGATGGTTTAGCTGCAGGTGTACAGGTACCTAGCGTGACGCACCTGCCTGACCCCGGCCCGGGAGCCGCCTGAGGGTTTCGAGACGGTCGAAGGACTGCTCTCGAC
HOXA4,3893_HOXA4_P1P2_ENSG00000197576,GGTCCGCGGCGCGTAGTAGG,HOXA4_-_27170140.23-P1P2,GGCTGCGCGTACTCCTCGAA,HOXA4_-_27170297.23-P1P2,HOXA4_38,GTGTAACCCGTAGGGCACCTCGTCTCACACCGGTCCGCGGCGCGTAGTAGGGTTTAGCTGCAGGTGTACAGGTACCTAGCGTGACGCACCTGCCTGACCCCGGCTGCGCGTACTCCTCGAAGTTTCGAGACGGTCGAAGGACTGCTCTCGAC
HPRT1,3931_HPRT1_P1P2_ENSG00000165704,GCGGGTCGCCATAACGGAGC,HPRT1_+_133594330.23-P1P2,GGGGCTGCGGGTCGCCATAA,HPRT1_+_133594336.23-P1P2,HPRT1_39,GTGTAACCCGTAGGGCACCTCGTCTCACACCGCGGGTCGCCATAACGGAGCGTTTAGCTGCAGGTGTACAGGTACCTAGCGTGACGCACCTGCCTGACCCCGGGGCTGCGGGTCGCCATAAGTTTCGAGACGGTCGAAGGACTGCTCTCGAC
KCTD10,4301_KCTD10_P1P2_ENSG00000110906,GTCCAAACCCGGACTGAGAG,KCTD10_-_109915112.23-P1P2,GGCCTCTCTCAGTCCGGGTT,KCTD10_+_109915092.23-P1P2,KCTD10_40,GTGTAACCCGTAGGGCACCTCGTCTCACACCGTCCAAACCCGGACTGAGAGGTTTAGCTGCAGGTGTACAGGTACCTAGCGTGACGCACCTGCCTGACCCCGGCCTCTCTCAGTCCGGGTTGTTTCGAGACGGTCGAAGGACTGCTCTCGAC
KCTD5,4307_KCTD5_P1P2_ENSG00000167977,GAGTGGGTCCGACTCAACGT,KCTD5_-_2732700.23-P1P2,GCGCAACAGCTCCCTTCCAC,KCTD5_+_2732512.23-P1P2,KCTD5_41,GTGTAACCCGTAGGGCACCTCGTCTCACACCGAGTGGGTCCGACTCAACGTGTTTAGCTGCAGGTGTACAGGTACCTAGCGTGACGCACCTGCCTGACCCCGCGCAACAGCTCCCTTCCACGTTTCGAGACGGTCGAAGGACTGCTCTCGAC
KEAP1,4333_KEAP1_P1P2_ENSG00000079999,GGTCCTGGCGGGGAACTCGG,KEAP1_-_10613269.23-P1P2,GGCCCTGGCCTCAGGCGGTA,KEAP1_-_10613538.23-P1P2,KEAP1_42,GTGTAACCCGTAGGGCACCTCGTCTCACACCGGTCCTGGCGGGGAACTCGGGTTTAGCTGCAGGTGTACAGGTACCTAGCGTGACGCACCTGCCTGACCCCGGCCCTGGCCTCAGGCGGTAGTTTCGAGACGGTCGAAGGACTGCTCTCGAC
LRRFIP2,4681_LRRFIP2_P1P2_ENSG00000093167,GCGCGGCGCAGAGGGCACAT,LRRFIP2_+_37217737.23-P1P2,GGTTCCCGCTGTCTCAGCCG,LRRFIP2_+_37217754.23-P1P2,LRRFIP2_43,GTGTAACCCGTAGGGCACCTCGTCTCACACCGCGCGGCGCAGAGGGCACATGTTTAGCTGCAGGTGTACAGGTACCTAGCGTGACGCACCTGCCTGACCCCGGTTCCCGCTGTCTCAGCCGGTTTCGAGACGGTCGAAGGACTGCTCTCGAC
MAP4K4,4819_MAP4K4_P1P2_ENSG00000071054,GAGGACGGGCCCGGAGCGTG,MAP4K4_+_102314194.23-P1P2,GGCCGGCAGAGAGCCCCGAG,MAP4K4_-_102314371.23-P1P2,MAP4K4_44,GTGTAACCCGTAGGGCACCTCGTCTCACACCGAGGACGGGCCCGGAGCGTGGTTTAGCTGCAGGTGTACAGGTACCTAGCGTGACGCACCTGCCTGACCCCGGCCGGCAGAGAGCCCCGAGGTTTCGAGACGGTCGAAGGACTGCTCTCGAC
MARS2,4856_MARS2_P1P2_ENSG00000247626,GCGTCCTAGCAGGCGGAGGA,MARS2_+_198570142.23-P1P2,GCGTGCGTCCTAGCAGGCGG,MARS2_+_198570146.23-P1P2,MARS2_45,GTGTAACCCGTAGGGCACCTCGTCTCACACCGCGTCCTAGCAGGCGGAGGAGTTTAGCTGCAGGTGTACAGGTACCTAGCGTGACGCACCTGCCTGACCCCGCGTGCGTCCTAGCAGGCGGGTTTCGAGACGGTCGAAGGACTGCTCTCGAC
MAU2,4868_MAU2_P1P2_ENSG00000129933,GTGCTTCCGCCTCCCTGTGG,MAU2_-_19431643.23-P1P2,GACAAGCCGCCGCCACAGGG,MAU2_+_19431630.23-P1P2,MAU2_46,GTGTAACCCGTAGGGCACCTCGTCTCACACCGTGCTTCCGCCTCCCTGTGGGTTTAGCTGCAGGTGTACAGGTACCTAGCGTGACGCACCTGCCTGACCCCGACAAGCCGCCGCCACAGGGGTTTCGAGACGGTCGAAGGACTGCTCTCGAC
MED10,4930_MED10_P1P2_ENSG00000133398,GAAAGGGGCCTCAAAGAGGT,MED10_-_6378270.23-P1P2,GGCTGGCGGGGCACGAGTAG,MED10_-_6378376.23-P1P2,MED10_47,GTGTAACCCGTAGGGCACCTCGTCTCACACCGAAAGGGGCCTCAAAGAGGTGTTTAGCTGCAGGTGTACAGGTACCTAGCGTGACGCACCTGCCTGACCCCGGCTGGCGGGGCACGAGTAGGTTTCGAGACGGTCGAAGGACTGCTCTCGAC
MED12,4932_MED12_P1P2_ENSG00000184634,GCGGCGGCCGAGAGACAACA,MED12_+_70338481.23-P1P2,GGCAGGGCCAGGCTGACTGG,MED12_+_70338552.23-P1P2,MED12_48,GTGTAACCCGTAGGGCACCTCGTCTCACACCGCGGCGGCCGAGAGACAACAGTTTAGCTGCAGGTGTACAGGTACCTAGCGTGACGCACCTGCCTGACCCCGGCAGGGCCAGGCTGACTGGGTTTCGAGACGGTCGAAGGACTGCTCTCGAC
MED13,4934_MED13_P1P2_ENSG00000108510,GGCCCCGTTCGGCACGAAGG,MED13_-_60142558.23-P1P2,GTCGGAGGCGGCGGTAATGG,MED13_+_60142607.23-P1P2,MED13_49,GTGTAACCCGTAGGGCACCTCGTCTCACACCGGCCCCGTTCGGCACGAAGGGTTTAGCTGCAGGTGTACAGGTACCTAGCGTGACGCACCTGCCTGACCCCGTCGGAGGCGGCGGTAATGGGTTTCGAGACGGTCGAAGGACTGCTCTCGAC
MED15,4937_MED15_P1_ENSG00000099917,GTGGCGGCCAAGCGGGATAC,MED15_-_20861942.23-P1,GGGCTCTGTGACTGAGGCGG,MED15_-_20861917.23-P1,MED15_50,GTGTAACCCGTAGGGCACCTCGTCTCACACCGTGGCGGCCAAGCGGGATACGTTTAGCTGCAGGTGTACAGGTACCTAGCGTGACGCACCTGCCTGACCCCGGGCTCTGTGACTGAGGCGGGTTTCGAGACGGTCGAAGGACTGCTCTCGAC
MED16,4938_MED16_P1P2_ENSG00000175221,GTTGTTACCGAGGAAGATGG,MED16_+_893155.23-P1P2,GAGGCGACTGGTTGTTACCG,MED16_+_893165.23-P1P2,MED16_51,GTGTAACCCGTAGGGCACCTCGTCTCACACCGTTGTTACCGAGGAAGATGGGTTTAGCTGCAGGTGTACAGGTACCTAGCGTGACGCACCTGCCTGACCCCGAGGCGACTGGTTGTTACCGGTTTCGAGACGGTCGAAGGACTGCTCTCGAC
MED19,4941_MED19_P1P2_ENSG00000156603,GAGACACGGAGACAGCGCCG,MED19_+_57479662.23-P1P2,GGCCGGGGCGGAGGGTACGA,MED19_+_57479647.23-P1P2,MED19_52,GTGTAACCCGTAGGGCACCTCGTCTCACACCGAGACACGGAGACAGCGCCGGTTTAGCTGCAGGTGTACAGGTACCTAGCGTGACGCACCTGCCTGACCCCGGCCGGGGCGGAGGGTACGAGTTTCGAGACGGTCGAAGGACTGCTCTCGAC
MED23,4946_MED23_P1P2_ENSG00000112282,GGCTCCAGGTAAAGCGCTGG,MED23_+_131949315.23-P1P2,GACTCGAGCTCTGGGAATAT,MED23_-_131949260.23-P1P2,MED23_53,GTGTAACCCGTAGGGCACCTCGTCTCACACCGGCTCCAGGTAAAGCGCTGGGTTTAGCTGCAGGTGTACAGGTACCTAGCGTGACGCACCTGCCTGACCCCGACTCGAGCTCTGGGAATATGTTTCGAGACGGTCGAAGGACTGCTCTCGAC
MED24,4947_MED24_P1P2_ENSG00000008838,GCACCTAGAACTGGATTGTG,MED24_+_38210612.23-P1P2,GTACCGCACAATCCAGTTCT,MED24_-_38210631.23-P1P2,MED24_54,GTGTAACCCGTAGGGCACCTCGTCTCACACCGCACCTAGAACTGGATTGTGGTTTAGCTGCAGGTGTACAGGTACCTAGCGTGACGCACCTGCCTGACCCCGTACCGCACAATCCAGTTCTGTTTCGAGACGGTCGAAGGACTGCTCTCGAC
METTL3,5004_METTL3_P1P2_ENSG00000165819,GGTGAGAATTGGCTATATCC,METTL3_+_21979431.23-P1P2,GACCGAGGCCCAGCGTGAGG,METTL3_-_21979084.23-P1P2,METTL3_55,GTGTAACCCGTAGGGCACCTCGTCTCACACCGGTGAGAATTGGCTATATCCGTTTAGCTGCAGGTGTACAGGTACCTAGCGTGACGCACCTGCCTGACCCCGACCGAGGCCCAGCGTGAGGGTTTCGAGACGGTCGAAGGACTGCTCTCGAC
MICU2,5062_MICU2_P1P2_ENSG00000165487,GGGAGGGAGGAGCTTGACTG,MICU2_-_22178051.23-P1P2,GTGCGCTTCCGCAAAGATGG,MICU2_+_22178280.23-P1P2,MICU2_56,GTGTAACCCGTAGGGCACCTCGTCTCACACCGGGAGGGAGGAGCTTGACTGGTTTAGCTGCAGGTGTACAGGTACCTAGCGTGACGCACCTGCCTGACCCCGTGCGCTTCCGCAAAGATGGGTTTCGAGACGGTCGAAGGACTGCTCTCGAC
MORN2,5155_MORN2_P1P2_ENSG00000188010,GCCGCAGAGCTGGCCGCCCA,MORN2_-_39103206.23-P1P2,GCGGGAGAGAACTAGGCGCT,MORN2_+_39103162.23-P1P2,MORN2_57,GTGTAACCCGTAGGGCACCTCGTCTCACACCGCCGCAGAGCTGGCCGCCCAGTTTAGCTGCAGGTGTACAGGTACCTAGCGTGACGCACCTGCCTGACCCCGCGGGAGAGAACTAGGCGCTGTTTCGAGACGGTCGAAGGACTGCTCTCGAC
MRPS12,5243_MRPS12_P1P2_ENSG00000128626,GCTCACAGGACCTAAAGGTG,MRPS12_+_39421616.23-P1P2,GCCGACCTCACAGGACCTAA,MRPS12_+_39421621.23-P1P2,MRPS12_58,GTGTAACCCGTAGGGCACCTCGTCTCACACCGCTCACAGGACCTAAAGGTGGTTTAGCTGCAGGTGTACAGGTACCTAGCGTGACGCACCTGCCTGACCCCGCCGACCTCACAGGACCTAAGTTTCGAGACGGTCGAAGGACTGCTCTCGAC
NF1,5619_NF1_P1P2_ENSG00000196712,GTGGGGACAGAGTAGGTGAG,NF1_-_29422451.23-P1P2,GGGATCCTTTCCACGGCCCG,NF1_+_29421971.23-P1P2,NF1_59,GTGTAACCCGTAGGGCACCTCGTCTCACACCGTGGGGACAGAGTAGGTGAGGTTTAGCTGCAGGTGTACAGGTACCTAGCGTGACGCACCTGCCTGACCCCGGGATCCTTTCCACGGCCCGGTTTCGAGACGGTCGAAGGACTGCTCTCGAC
NF2,5620_NF2_P1P2_ENSG00000186575,GGACTCCGCGCGCCTCTCAG,NF2_+_29999635.23-P1P2,GACCCTAGTCGGCCGCTGAG,NF2_-_29999645.23-P1P2,NF2_60,GTGTAACCCGTAGGGCACCTCGTCTCACACCGGACTCCGCGCGCCTCTCAGGTTTAGCTGCAGGTGTACAGGTACCTAGCGTGACGCACCTGCCTGACCCCGACCCTAGTCGGCCGCTGAGGTTTCGAGACGGTCGAAGGACTGCTCTCGAC
NIPBL,5677_NIPBL_P1P2_ENSG00000164190,GAGAGTTCGCTCCTCTCTGG,NIPBL_-_36877429.23-P1P2,GCGCCTGTGGAAGAGACCTG,NIPBL_+_36877381.23-P1P2,NIPBL_61,GTGTAACCCGTAGGGCACCTCGTCTCACACCGAGAGTTCGCTCCTCTCTGGGTTTAGCTGCAGGTGTACAGGTACCTAGCGTGACGCACCTGCCTGACCCCGCGCCTGTGGAAGAGACCTGGTTTCGAGACGGTCGAAGGACTGCTCTCGAC
PBRM1,6102_PBRM1_P1P2_ENSG00000163939,GGCGGCACCGGGAGGGGTAA,PBRM1_+_52719898.23-P1P2,GGGTGCCGAAGCGACGGCAG,PBRM1_+_52719862.23-P1P2,PBRM1_62,GTGTAACCCGTAGGGCACCTCGTCTCACACCGGCGGCACCGGGAGGGGTAAGTTTAGCTGCAGGTGTACAGGTACCTAGCGTGACGCACCTGCCTGACCCCGGGTGCCGAAGCGACGGCAGGTTTCGAGACGGTCGAAGGACTGCTCTCGAC
PDCD10,6151_PDCD10_P1P2_ENSG00000114209,GGACGCCGGAAGGACCCAAG,PDCD10_-_167452685.23-P1P2,GTTGATCCGGGAGTTGAAGA,PDCD10_+_167452631.23-P1P2,PDCD10_63,GTGTAACCCGTAGGGCACCTCGTCTCACACCGGACGCCGGAAGGACCCAAGGTTTAGCTGCAGGTGTACAGGTACCTAGCGTGACGCACCTGCCTGACCCCGTTGATCCGGGAGTTGAAGAGTTTCGAGACGGTCGAAGGACTGCTCTCGAC
PELO,6214_PELO_P1_ENSG00000152684,GGCCAGCGGGAACTGTGTAG,PELO_-_52095976.23-P1,GACCCCTACACAGTTCCCGC,PELO_+_52095956.23-P1,PELO_64,GTGTAACCCGTAGGGCACCTCGTCTCACACCGGCCAGCGGGAACTGTGTAGGTTTAGCTGCAGGTGTACAGGTACCTAGCGTGACGCACCTGCCTGACCCCGACCCCTACACAGTTCCCGCGTTTCGAGACGGTCGAAGGACTGCTCTCGAC
PGD,6256_PGD_P1P2_ENSG00000142657,GACGCGCGGAGGACGAGTGA,PGD_+_10459120.23-P1P2,GGTCACTCACTGGGCCATGG,PGD_+_10459169.23-P1P2,PGD_65,GTGTAACCCGTAGGGCACCTCGTCTCACACCGACGCGCGGAGGACGAGTGAGTTTAGCTGCAGGTGTACAGGTACCTAGCGTGACGCACCTGCCTGACCCCGGTCACTCACTGGGCCATGGGTTTCGAGACGGTCGAAGGACTGCTCTCGAC
PGRMC2,6266_PGRMC2_P1P2_ENSG00000164040,GCTGGGGGCCTACCGGCTGT,PGRMC2_+_129208728.23-P1P2,GCGCTGGCGGGCAGTGATGG,PGRMC2_+_129208938.23-P1P2,PGRMC2_66,GTGTAACCCGTAGGGCACCTCGTCTCACACCGCTGGGGGCCTACCGGCTGTGTTTAGCTGCAGGTGTACAGGTACCTAGCGTGACGCACCTGCCTGACCCCGCGCTGGCGGGCAGTGATGGGTTTCGAGACGGTCGAAGGACTGCTCTCGAC
PICALM,6325_PICALM_P1P2_ENSG00000073921,GTCGGCTTCACTCACAGTCC,PICALM_-_85779699.23-P1P2,GCTCGTGTCACCCGCGGAGT,PICALM_-_85780018.23-P1P2,PICALM_67,GTGTAACCCGTAGGGCACCTCGTCTCACACCGTCGGCTTCACTCACAGTCCGTTTAGCTGCAGGTGTACAGGTACCTAGCGTGACGCACCTGCCTGACCCCGCTCGTGTCACCCGCGGAGTGTTTCGAGACGGTCGAAGGACTGCTCTCGAC
PLXND1,6471_PLXND1_P1P2_ENSG00000004399,GGCGGCGCGAGGAGCCATCC,PLXND1_-_129325486.23-P1P2,GGCGGCGCGGCGAGTGCATG,PLXND1_-_129325522.23-P1P2,PLXND1_68,GTGTAACCCGTAGGGCACCTCGTCTCACACCGGCGGCGCGAGGAGCCATCCGTTTAGCTGCAGGTGTACAGGTACCTAGCGTGACGCACCTGCCTGACCCCGGCGGCGCGGCGAGTGCATGGTTTCGAGACGGTCGAAGGACTGCTCTCGAC
POLR3K,6564_POLR3K_P1P2_ENSG00000161980,GAGTGGGAGCTGCCGGGAGT,POLR3K_+_103606.23-P1P2,GGTAGGCCCTGGGAGAACTC,POLR3K_-_103144.23-P1P2,POLR3K_69,GTGTAACCCGTAGGGCACCTCGTCTCACACCGAGTGGGAGCTGCCGGGAGTGTTTAGCTGCAGGTGTACAGGTACCTAGCGTGACGCACCTGCCTGACCCCGGTAGGCCCTGGGAGAACTCGTTTCGAGACGGTCGAAGGACTGCTCTCGAC
PPT1,6705_PPT1_P1P2_ENSG00000131238,GCCCGAGAAGCGCAGGTCCA,PPT1_-_40562864.23-P1P2,GAGAAGCGCAGGTCCATGGC,PPT1_-_40562868.23-P1P2,PPT1_70,GTGTAACCCGTAGGGCACCTCGTCTCACACCGCCCGAGAAGCGCAGGTCCAGTTTAGCTGCAGGTGTACAGGTACCTAGCGTGACGCACCTGCCTGACCCCGAGAAGCGCAGGTCCATGGCGTTTCGAGACGGTCGAAGGACTGCTCTCGAC
PTEN,6905_PTEN_P1P2_ENSG00000171862,GGTTAGAAAAGACGAAGAGG,PTEN_+_89623582.23-P1P2,GCGCCTGTGAGCAGCCGCGG,PTEN_-_89623526.23-P1P2,PTEN_71,GTGTAACCCGTAGGGCACCTCGTCTCACACCGGTTAGAAAAGACGAAGAGGGTTTAGCTGCAGGTGTACAGGTACCTAGCGTGACGCACCTGCCTGACCCCGCGCCTGTGAGCAGCCGCGGGTTTCGAGACGGTCGAAGGACTGCTCTCGAC
PTPN12,6924_PTPN12_P1P2_ENSG00000127947,GGCGGCTCGCCTGGTACTGT,PTPN12_-_77166641.23-P1P2,GCCGCAGCCGCCGCCTAGGG,PTPN12_-_77166715.23-P1P2,PTPN12_72,GTGTAACCCGTAGGGCACCTCGTCTCACACCGGCGGCTCGCCTGGTACTGTGTTTAGCTGCAGGTGTACAGGTACCTAGCGTGACGCACCTGCCTGACCCCGCCGCAGCCGCCGCCTAGGGGTTTCGAGACGGTCGAAGGACTGCTCTCGAC
RAB35,7025_RAB35_P1P2_ENSG00000111737,GTCGTAGTCCCGGGCCATGG,RAB35_-_120554458.23-P1P2,GGCGATCCGCAGCTCCCTTC,RAB35_-_120554523.23-P1P2,RAB35_73,GTGTAACCCGTAGGGCACCTCGTCTCACACCGTCGTAGTCCCGGGCCATGGGTTTAGCTGCAGGTGTACAGGTACCTAGCGTGACGCACCTGCCTGACCCCGGCGATCCGCAGCTCCCTTCGTTTCGAGACGGTCGAAGGACTGCTCTCGAC
RALGAPB,7086_RALGAPB_P1P2_ENSG00000170471,GGACTCTCCCAGGGCGCCAA,RALGAPB_+_37101540.23-P1P2,GGGGCGCCAAGGGACGACGA,RALGAPB_+_37101530.23-P1P2,RALGAPB_74,GTGTAACCCGTAGGGCACCTCGTCTCACACCGGACTCTCCCAGGGCGCCAAGTTTAGCTGCAGGTGTACAGGTACCTAGCGTGACGCACCTGCCTGACCCCGGGGCGCCAAGGGACGACGAGTTTCGAGACGGTCGAAGGACTGCTCTCGAC
RB1,7136_RB1_P1P2_ENSG00000139687,GGAGCTGTGGAGGAGCGCCG,RB1_+_48878000.23-P1P2,GGGGAGCCAGCGAGCTGTGG,RB1_+_48878010.23-P1P2,RB1_75,GTGTAACCCGTAGGGCACCTCGTCTCACACCGGAGCTGTGGAGGAGCGCCGGTTTAGCTGCAGGTGTACAGGTACCTAGCGTGACGCACCTGCCTGACCCCGGGGAGCCAGCGAGCTGTGGGTTTCGAGACGGTCGAAGGACTGCTCTCGAC
RNF146,7355_RNF146_P1P2_ENSG00000118518,GAAGCGGGCTCAGGCGGAAG,RNF146_+_127588467.23-P1P2,GGAGAGAAAAGACTGCGAGG,RNF146_-_127588049.23-P1P2,RNF146_76,GTGTAACCCGTAGGGCACCTCGTCTCACACCGAAGCGGGCTCAGGCGGAAGGTTTAGCTGCAGGTGTACAGGTACCTAGCGTGACGCACCTGCCTGACCCCGGAGAGAAAAGACTGCGAGGGTTTCGAGACGGTCGAAGGACTGCTCTCGAC
RNF7,7396_RNF7_P1P2_ENSG00000114125,GGGCGCCGCGGAGCCGACGG,RNF7_+_141457158.23-P1P2,GGCCTCCGGGAGCCGACCTC,RNF7_-_141457414.23-P1P2,RNF7_77,GTGTAACCCGTAGGGCACCTCGTCTCACACCGGGCGCCGCGGAGCCGACGGGTTTAGCTGCAGGTGTACAGGTACCTAGCGTGACGCACCTGCCTGACCCCGGCCTCCGGGAGCCGACCTCGTTTCGAGACGGTCGAAGGACTGCTCTCGAC
SAV1,7666_SAV1_P1P2_ENSG00000151748,GGTTATTCGGCGGCCCGCGG,SAV1_+_51134992.23-P1P2,GGGTAGTGGTAGCGGTTATT,SAV1_+_51135005.23-P1P2,SAV1_78,GTGTAACCCGTAGGGCACCTCGTCTCACACCGGTTATTCGGCGGCCCGCGGGTTTAGCTGCAGGTGTACAGGTACCTAGCGTGACGCACCTGCCTGACCCCGGGTAGTGGTAGCGGTTATTGTTTCGAGACGGTCGAAGGACTGCTCTCGAC
SDSL,7730_SDSL_P1P2_ENSG00000139410,GCAGGGAACCAGCTCTTTCC,SDSL_+_113860204.23-P1P2,GGACCCTGAAGGGCGAGAGT,SDSL_-_113860507.23-P1P2,SDSL_79,GTGTAACCCGTAGGGCACCTCGTCTCACACCGCAGGGAACCAGCTCTTTCCGTTTAGCTGCAGGTGTACAGGTACCTAGCGTGACGCACCTGCCTGACCCCGGACCCTGAAGGGCGAGAGTGTTTCGAGACGGTCGAAGGACTGCTCTCGAC
SLC35A1,8037_SLC35A1_P1P2_ENSG00000164414,GGGGGGCTGTCGGGGAACCA,SLC35A1_-_88182724.23-P1P2,GGCCCCGAGAGGTGAGAACT,SLC35A1_-_88182748.23-P1P2,SLC35A1_80,GTGTAACCCGTAGGGCACCTCGTCTCACACCGGGGGGCTGTCGGGGAACCAGTTTAGCTGCAGGTGTACAGGTACCTAGCGTGACGCACCTGCCTGACCCCGGCCCCGAGAGGTGAGAACTGTTTCGAGACGGTCGAAGGACTGCTCTCGAC
SMARCA4,8142_SMARCA4_P1P2_ENSG00000127616,GGCAGCCGCTGTAATTGGGA,SMARCA4_+_11072179.23-P1P2,GGGAGGCGCCGGGAAGTCGA,SMARCA4_-_11071834.23-P1P2,SMARCA4_81,GTGTAACCCGTAGGGCACCTCGTCTCACACCGGCAGCCGCTGTAATTGGGAGTTTAGCTGCAGGTGTACAGGTACCTAGCGTGACGCACCTGCCTGACCCCGGGAGGCGCCGGGAAGTCGAGTTTCGAGACGGTCGAAGGACTGCTCTCGAC
SMARCB1,8146_SMARCB1_P1_ENSG00000099956,GTGCGGACCGGGCCGGGTAC,SMARCB1_+_24129228.23-P1,GCGGCTGAGGCGCCAGTACC,SMARCB1_-_24129238.23-P1,SMARCB1_82,GTGTAACCCGTAGGGCACCTCGTCTCACACCGTGCGGACCGGGCCGGGTACGTTTAGCTGCAGGTGTACAGGTACCTAGCGTGACGCACCTGCCTGACCCCGCGGCTGAGGCGCCAGTACCGTTTCGAGACGGTCGAAGGACTGCTCTCGAC
SMARCD1,8150_SMARCD1_P1P2_ENSG00000066117,GGCCGGCCGGCCGGCACGGG,SMARCD1_+_50479037.23-P1P2,GGACATGGGAGTGACAGGGG,SMARCD1_-_50479401.23-P1P2,SMARCD1_83,GTGTAACCCGTAGGGCACCTCGTCTCACACCGGCCGGCCGGCCGGCACGGGGTTTAGCTGCAGGTGTACAGGTACCTAGCGTGACGCACCTGCCTGACCCCGGACATGGGAGTGACAGGGGGTTTCGAGACGGTCGAAGGACTGCTCTCGAC
SMARCE1,8154_SMARCE1_P1P2_ENSG00000073584,GCTTGGAAACACTCACCCGC,SMARCE1_-_38804030.23-P1P2,GGGCCTAGCAGAGCGAGGGT,SMARCE1_+_38803858.23-P1P2,SMARCE1_84,GTGTAACCCGTAGGGCACCTCGTCTCACACCGCTTGGAAACACTCACCCGCGTTTAGCTGCAGGTGTACAGGTACCTAGCGTGACGCACCTGCCTGACCCCGGGCCTAGCAGAGCGAGGGTGTTTCGAGACGGTCGAAGGACTGCTCTCGAC
SNRNP25,8217_SNRNP25_P1P2_ENSG00000161981,GGGGCAGAGCCCGGCTGAGA,SNRNP25_-_103898.23-P1P2,GTGGCCTCCCTAGTGCGGGC,SNRNP25_-_103870.23-P1P2,SNRNP25_85,GTGTAACCCGTAGGGCACCTCGTCTCACACCGGGGCAGAGCCCGGCTGAGAGTTTAGCTGCAGGTGTACAGGTACCTAGCGTGACGCACCTGCCTGACCCCGTGGCCTCCCTAGTGCGGGCGTTTCGAGACGGTCGAAGGACTGCTCTCGAC
SOX2,8288_SOX2_P1P2_ENSG00000181449,GACAGCCCCCGTCACATGGA,SOX2_-_181429716.23-P1P2,GCTCAGTCCTAGTCTTAAAG,SOX2_+_181429802.23-P1P2,SOX2_86,GTGTAACCCGTAGGGCACCTCGTCTCACACCGACAGCCCCCGTCACATGGAGTTTAGCTGCAGGTGTACAGGTACCTAGCGTGACGCACCTGCCTGACCCCGCTCAGTCCTAGTCTTAAAGGTTTCGAGACGGTCGAAGGACTGCTCTCGAC
SPRED1,8370_SPRED1_P1P2_ENSG00000166068,GCTCGCGGCTCCCCTCTCTC,SPRED1_-_38544533.23-P1P2,GGCTCCTCACGCCCGAGAGA,SPRED1_+_38544522.23-P1P2,SPRED1_87,GTGTAACCCGTAGGGCACCTCGTCTCACACCGCTCGCGGCTCCCCTCTCTCGTTTAGCTGCAGGTGTACAGGTACCTAGCGTGACGCACCTGCCTGACCCCGGCTCCTCACGCCCGAGAGAGTTTCGAGACGGTCGAAGGACTGCTCTCGAC
SPRY2,8374_SPRY2_P1P2_ENSG00000136158,GTGCGGCGCGCAGCTCTCGG,SPRY2_-_80915252.23-P1P2,GCGCGCCGCAGCGCTAGCGG,SPRY2_+_80915218.23-P1P2,SPRY2_88,GTGTAACCCGTAGGGCACCTCGTCTCACACCGTGCGGCGCGCAGCTCTCGGGTTTAGCTGCAGGTGTACAGGTACCTAGCGTGACGCACCTGCCTGACCCCGCGCGCCGCAGCGCTAGCGGGTTTCGAGACGGTCGAAGGACTGCTCTCGAC
STK24,8517_STK24_P1P2_ENSG00000102572,GCTGGCCGCTGGAGCCGGAG,STK24_-_99229362.23-P1P2,GGCCCGGCCGGGACCCGCCA,STK24_+_99229168.23-P1P2,STK24_89,GTGTAACCCGTAGGGCACCTCGTCTCACACCGCTGGCCGCTGGAGCCGGAGGTTTAGCTGCAGGTGTACAGGTACCTAGCGTGACGCACCTGCCTGACCCCGGCCCGGCCGGGACCCGCCAGTTTCGAGACGGTCGAAGGACTGCTCTCGAC
SUPT20H,8595_SUPT20H_P1P2_ENSG00000102710,GTCGCCGCTAGGCCCCAAGA,SUPT20H_-_37633730.23-P1P2,GGAAGTGCGGCCGCCGGAAC,SUPT20H_+_37633798.23-P1P2,SUPT20H_90,GTGTAACCCGTAGGGCACCTCGTCTCACACCGTCGCCGCTAGGCCCCAAGAGTTTAGCTGCAGGTGTACAGGTACCTAGCGTGACGCACCTGCCTGACCCCGGAAGTGCGGCCGCCGGAACGTTTCGAGACGGTCGAAGGACTGCTCTCGAC
SUPT7L,8600_SUPT7L_P1P2_ENSG00000119760,GAATGCCCAAGTCCCTCCAG,SUPT7L_-_27886252.23-P1P2,GCGGCTGTCTGGACCTCGAG,SUPT7L_-_27886426.23-P1P2,SUPT7L_91,GTGTAACCCGTAGGGCACCTCGTCTCACACCGAATGCCCAAGTCCCTCCAGGTTTAGCTGCAGGTGTACAGGTACCTAGCGTGACGCACCTGCCTGACCCCGCGGCTGTCTGGACCTCGAGGTTTCGAGACGGTCGAAGGACTGCTCTCGAC
TADA1,8647_TADA1_P1P2_ENSG00000152382,GCCCTCTGGCTGGACGCGTA,TADA1_-_166845036.23-P1P2,GGGCCGGGCGGTCTGCGGTC,TADA1_+_166845487.23-P1P2,TADA1_92,GTGTAACCCGTAGGGCACCTCGTCTCACACCGCCCTCTGGCTGGACGCGTAGTTTAGCTGCAGGTGTACAGGTACCTAGCGTGACGCACCTGCCTGACCCCGGGCCGGGCGGTCTGCGGTCGTTTCGAGACGGTCGAAGGACTGCTCTCGAC
TADA2B,8649_TADA2B_P1P2_ENSG00000173011,GCTGGTAGCCGTGGTAGCGG,TADA2B_+_7045440.23-P1P2,GACGGCGCCTGCGTACTGAG,TADA2B_-_7045121.23-P1P2,TADA2B_93,GTGTAACCCGTAGGGCACCTCGTCTCACACCGCTGGTAGCCGTGGTAGCGGGTTTAGCTGCAGGTGTACAGGTACCTAGCGTGACGCACCTGCCTGACCCCGACGGCGCCTGCGTACTGAGGTTTCGAGACGGTCGAAGGACTGCTCTCGAC
TADA3,8650_TADA3_P1P2_ENSG00000171148,GCCCATAGCCAGTTCCGGGG,TADA3_+_9834144.23-P1P2,GAGCGCCAGGAGCTGCGGGT,TADA3_-_9834393.23-P1P2,TADA3_94,GTGTAACCCGTAGGGCACCTCGTCTCACACCGCCCATAGCCAGTTCCGGGGGTTTAGCTGCAGGTGTACAGGTACCTAGCGTGACGCACCTGCCTGACCCCGAGCGCCAGGAGCTGCGGGTGTTTCGAGACGGTCGAAGGACTGCTCTCGAC
TAF5L,8665_TAF5L_P1P2_ENSG00000135801,GGCTCCATGACTGACTGACA,TAF5L_-_229761813.23-P1P2,GGCTCCGTGTCAGTCAGTCA,TAF5L_+_229761795.23-P1P2,TAF5L_95,GTGTAACCCGTAGGGCACCTCGTCTCACACCGGCTCCATGACTGACTGACAGTTTAGCTGCAGGTGTACAGGTACCTAGCGTGACGCACCTGCCTGACCCCGGCTCCGTGTCAGTCAGTCAGTTTCGAGACGGTCGAAGGACTGCTCTCGAC
TAF6L,8667_TAF6L_P1P2_ENSG00000162227,GCCTGCTCACCTGAAGACCC,TAF6L_+_62538949.23-P1P2,GTGAGTGTGAGCTCGTGAGT,TAF6L_-_62538896.23-P1P2,TAF6L_96,GTGTAACCCGTAGGGCACCTCGTCTCACACCGCCTGCTCACCTGAAGACCCGTTTAGCTGCAGGTGTACAGGTACCTAGCGTGACGCACCTGCCTGACCCCGTGAGTGTGAGCTCGTGAGTGTTTCGAGACGGTCGAAGGACTGCTCTCGAC
TAOK1,8683_TAOK1_P1P2_ENSG00000160551,GCGGTAGCCGCTACCCTGGA,TAOK1_+_27717965.23-P1P2,GCAAGCTCTGCAACAAGGGG,TAOK1_+_27717866.23-P1P2,TAOK1_97,GTGTAACCCGTAGGGCACCTCGTCTCACACCGCGGTAGCCGCTACCCTGGAGTTTAGCTGCAGGTGTACAGGTACCTAGCGTGACGCACCTGCCTGACCCCGCAAGCTCTGCAACAAGGGGGTTTCGAGACGGTCGAAGGACTGCTCTCGAC
TP53,9195_TP53_P1P2_ENSG00000141510,GAGTCTAGAGCCACCGTCCA,TP53_+_7590780.23-P1P2,GCAGGGAGCAGGTAGCTGCT,TP53_+_7590763.23-P1P2,TP53_98,GTGTAACCCGTAGGGCACCTCGTCTCACACCGAGTCTAGAGCCACCGTCCAGTTTAGCTGCAGGTGTACAGGTACCTAGCGTGACGCACCTGCCTGACCCCGCAGGGAGCAGGTAGCTGCTGTTTCGAGACGGTCGAAGGACTGCTCTCGAC
TRAF3IP1,9228_TRAF3IP1_P1P2_ENSG00000204104,GCCGGCCCGGGCCCCGACTC,TRAF3IP1_+_239229559.23-P1P2,GGCGTCCTGGCAGGACCGGG,TRAF3IP1_-_239229206.23-P1P2,TRAF3IP1_99,GTGTAACCCGTAGGGCACCTCGTCTCACACCGCCGGCCCGGGCCCCGACTCGTTTAGCTGCAGGTGTACAGGTACCTAGCGTGACGCACCTGCCTGACCCCGGCGTCCTGGCAGGACCGGGGTTTCGAGACGGTCGAAGGACTGCTCTCGAC
UBE2F,9502_UBE2F_P1P2_ENSG00000184182,GCAGCCGCACCGGCTCCCGG,UBE2F_+_238875668.23-P1P2,GGAGCCGGTGCGGCTGTGAG,UBE2F_-_238875696.23-P1P2,UBE2F_100,GTGTAACCCGTAGGGCACCTCGTCTCACACCGCAGCCGCACCGGCTCCCGGGTTTAGCTGCAGGTGTACAGGTACCTAGCGTGACGCACCTGCCTGACCCCGGAGCCGGTGCGGCTGTGAGGTTTCGAGACGGTCGAAGGACTGCTCTCGAC
UBE2G1,9503_UBE2G1_P1P2_ENSG00000132388,GGGCGGGACGCTTCCCAAGT,UBE2G1_+_4269971.23-P1P2,GACTCACGCCCGGAAGGGGA,UBE2G1_-_4269831.23-P1P2,UBE2G1_101,GTGTAACCCGTAGGGCACCTCGTCTCACACCGGGCGGGACGCTTCCCAAGTGTTTAGCTGCAGGTGTACAGGTACCTAGCGTGACGCACCTGCCTGACCCCGACTCACGCCCGGAAGGGGAGTTTCGAGACGGTCGAAGGACTGCTCTCGAC
UBE2R2,9517_UBE2R2_P1P2_ENSG00000107341,GTCGGGCCGGGCGAGAGGAG,UBE2R2_+_33817511.23-P1P2,GCTCGGCTCCGTTGCTCCCG,UBE2R2_-_33817182.23-P1P2,UBE2R2_102,GTGTAACCCGTAGGGCACCTCGTCTCACACCGTCGGGCCGGGCGAGAGGAGGTTTAGCTGCAGGTGTACAGGTACCTAGCGTGACGCACCTGCCTGACCCCGCTCGGCTCCGTTGCTCCCGGTTTCGAGACGGTCGAAGGACTGCTCTCGAC
VBP1,9709_VBP1_P1P2_ENSG00000155959,GCGGCCGTTAAGGACAGTTG,VBP1_-_154444784.23-P1P2,GCGCGCTCGCATCCCCAAGA,VBP1_-_154444762.23-P1P2,VBP1_103,GTGTAACCCGTAGGGCACCTCGTCTCACACCGCGGCCGTTAAGGACAGTTGGTTTAGCTGCAGGTGTACAGGTACCTAGCGTGACGCACCTGCCTGACCCCGCGCGCTCGCATCCCCAAGAGTTTCGAGACGGTCGAAGGACTGCTCTCGAC
WT1,9880_WT1_P1P2_ENSG00000184937,GACTGCGCCGCGCCGCTCAC,WT1_-_32456608.23-P1P2,GTAGGCACCCAGGCCCGGAG,WT1_-_32456837.23-P1P2,WT1_104,GTGTAACCCGTAGGGCACCTCGTCTCACACCGACTGCGCCGCGCCGCTCACGTTTAGCTGCAGGTGTACAGGTACCTAGCGTGACGCACCTGCCTGACCCCGTAGGCACCCAGGCCCGGAGGTTTCGAGACGGTCGAAGGACTGCTCTCGAC
ZBTB7A,10009_ZBTB7A_P2_ENSG00000178951,GTGGGCTGGCTCCCTCCGAG,ZBTB7A_-_4065511.23-P2,GGTCTCCCGCCCGGGAGGTA,ZBTB7A_-_4065071.23-P2,ZBTB7A_105,GTGTAACCCGTAGGGCACCTCGTCTCACACCGTGGGCTGGCTCCCTCCGAGGTTTAGCTGCAGGTGTACAGGTACCTAGCGTGACGCACCTGCCTGACCCCGGTCTCCCGCCCGGGAGGTAGTTTCGAGACGGTCGAAGGACTGCTCTCGAC
ZC3H15,10022_ZC3H15_P1P2_ENSG00000065548,GGCAGGGCCAGAACCCCTGA,ZC3H15_-_187351064.23-P1P2,GTTGCGGAGACAGATGGCAC,ZC3H15_+_187351088.23-P1P2,ZC3H15_106,GTGTAACCCGTAGGGCACCTCGTCTCACACCGGCAGGGCCAGAACCCCTGAGTTTAGCTGCAGGTGTACAGGTACCTAGCGTGACGCACCTGCCTGACCCCGTTGCGGAGACAGATGGCACGTTTCGAGACGGTCGAAGGACTGCTCTCGAC
ZNF592,10484_ZNF592_P1P2_ENSG00000166716,GCGACTGCAGGCCAGAGTCT,ZNF592_+_85291857.23-P1P2,GGGCTGCGGGAGCCACAACA,ZNF592_+_85291815.23-P1P2,ZNF592_107,GTGTAACCCGTAGGGCACCTCGTCTCACACCGCGACTGCAGGCCAGAGTCTGTTTAGCTGCAGGTGTACAGGTACCTAGCGTGACGCACCTGCCTGACCCCGGGCTGCGGGAGCCACAACAGTTTCGAGACGGTCGAAGGACTGCTCTCGAC
ZNF781,10631_ZNF781_P1P2_ENSG00000196381,GCAGCGACTACTAGGTCAGG,ZNF781_-_38183162.23-P1P2,GTGCCAGCGACTACTAGGTC,ZNF781_-_38183159.23-P1P2,ZNF781_108,GTGTAACCCGTAGGGCACCTCGTCTCACACCGCAGCGACTACTAGGTCAGGGTTTAGCTGCAGGTGTACAGGTACCTAGCGTGACGCACCTGCCTGACCCCGTGCCAGCGACTACTAGGTCGTTTCGAGACGGTCGAAGGACTGCTCTCGAC
SPRED2,SPRED2_+_65593861.23-ENST00000443619.2|SPRED2_+_65593864.23-ENST00000443619.2,GGAGACTGAATCATATATGG,SPRED2_+_65593861.23-ENST00000443619.2,GAAGGAGACTGAATCATATA,SPRED2_+_65593864.23-ENST00000443619.2,SPRED2_109,GTGTAACCCGTAGGGCACCTCGTCTCACACCGGAGACTGAATCATATATGGGTTTAGCTGCAGGTGTACAGGTACCTAGCGTGACGCACCTGCCTGACCCCGAAGGAGACTGAATCATATAGTTTCGAGACGGTCGAAGGACTGCTCTCGAC
ARHGAP35,ARHGAP35_-_47421941.23-ENST00000404338.3|ARHGAP35_-_47422000.23-ENST00000404338.3,GGATGTGTCGACGATGATGA,ARHGAP35_-_47421941.23-ENST00000404338.3,GCAGTGTGGTGGGATTATCT,ARHGAP35_-_47422000.23-ENST00000404338.3,ARHGAP35_110,GTGTAACCCGTAGGGCACCTCGTCTCACACCGGATGTGTCGACGATGATGAGTTTAGCTGCAGGTGTACAGGTACCTAGCGTGACGCACCTGCCTGACCCCGCAGTGTGGTGGGATTATCTGTTTCGAGACGGTCGAAGGACTGCTCTCGAC
FBXO11,FBXO11_-_48133245.23-P1P2|FBXO11_+_48133177.23-P1P2,GCGGCTGAAGAGACAGATCC,FBXO11_-_48133245.23-P1P2,GCCTCGGGATCCCCAAGCGG,FBXO11_+_48133177.23-P1P2,FBXO11_111,GTGTAACCCGTAGGGCACCTCGTCTCACACCGCGGCTGAAGAGACAGATCCGTTTAGCTGCAGGTGTACAGGTACCTAGCGTGACGCACCTGCCTGACCCCGCCTCGGGATCCCCAAGCGGGTTTCGAGACGGTCGAAGGACTGCTCTCGAC
RXRA,RXRA_-_137218345.23-P1P2|RXRA_-_137218315.23-P1P2,GGCAACAACTCGCCGCGCCG,RXRA_-_137218345.23-P1P2,GACAAGTAGTTTACATTGTT,RXRA_-_137218315.23-P1P2,RXRA_112,GTGTAACCCGTAGGGCACCTCGTCTCACACCGGCAACAACTCGCCGCGCCGGTTTAGCTGCAGGTGTACAGGTACCTAGCGTGACGCACCTGCCTGACCCCGACAAGTAGTTTACATTGTTGTTTCGAGACGGTCGAAGGACTGCTCTCGAC
ARID1A,ARID1A_-_27022766.23-P1P2|ARID1A_-_27022545.23-P1P2,GAGCGAGCGCAGCGCAGCAG,ARID1A_-_27022766.23-P1P2,GAAAGCGGAGAGTCACAGCG,ARID1A_-_27022545.23-P1P2,ARID1A_113,GTGTAACCCGTAGGGCACCTCGTCTCACACCGAGCGAGCGCAGCGCAGCAGGTTTAGCTGCAGGTGTACAGGTACCTAGCGTGACGCACCTGCCTGACCCCGAAAGCGGAGAGTCACAGCGGTTTCGAGACGGTCGAAGGACTGCTCTCGAC
SBF1,SBF1_+_50913422.23-P1P2|SBF1_+_50913049.23-P1P2,GAAGATGGCGGCGGGAACCT,SBF1_+_50913422.23-P1P2,GGCTGAGGGCCGAGGACCGG,SBF1_+_50913049.23-P1P2,SBF1_114,GTGTAACCCGTAGGGCACCTCGTCTCACACCGAAGATGGCGGCGGGAACCTGTTTAGCTGCAGGTGTACAGGTACCTAGCGTGACGCACCTGCCTGACCCCGGCTGAGGGCCGAGGACCGGGTTTCGAGACGGTCGAAGGACTGCTCTCGAC
CDKN2C,CDKN2C_-_51435973.23-P1|CDKN2C_-_51435981.23-P1,GGCCATCATGCAGCCTGGTT,CDKN2C_-_51435973.23-P1,GGCAGCCTGGTTAGGAGCAA,CDKN2C_-_51435981.23-P1,CDKN2C_115,GTGTAACCCGTAGGGCACCTCGTCTCACACCGGCCATCATGCAGCCTGGTTGTTTAGCTGCAGGTGTACAGGTACCTAGCGTGACGCACCTGCCTGACCCCGGCAGCCTGGTTAGGAGCAAGTTTCGAGACGGTCGAAGGACTGCTCTCGAC
SESN1,SESN1_-_109416103.23-ENST00000436639.2|SESN1_+_109416095.23-ENST00000436639.2,GGCCCTTCGCCCAGCCCCAT,SESN1_-_109416103.23-ENST00000436639.2,GGGGCTGATCCCCACCGATG,SESN1_+_109416095.23-ENST00000436639.2,SESN1_116,GTGTAACCCGTAGGGCACCTCGTCTCACACCGGCCCTTCGCCCAGCCCCATGTTTAGCTGCAGGTGTACAGGTACCTAGCGTGACGCACCTGCCTGACCCCGGGGCTGATCCCCACCGATGGTTTCGAGACGGTCGAAGGACTGCTCTCGAC
CCM2,CCM2_-_45039935.23-P1P2|CCM2_-_45039785.23-P1P2,GGGAGCCGCACGCGGCGATA,CCM2_-_45039935.23-P1P2,GGGCCCGGAAGTGCGGGTGT,CCM2_-_45039785.23-P1P2,CCM2_117,GTGTAACCCGTAGGGCACCTCGTCTCACACCGGGAGCCGCACGCGGCGATAGTTTAGCTGCAGGTGTACAGGTACCTAGCGTGACGCACCTGCCTGACCCCGGGCCCGGAAGTGCGGGTGTGTTTCGAGACGGTCGAAGGACTGCTCTCGAC
PTPN14,PTPN14_+_214724894.23-P1P2|PTPN14_+_214724909.23-P1P2,GGCAGCGGGCGCAGACTCGG,PTPN14_+_214724894.23-P1P2,GCTCGGCGGAGTGAGCGCAG,PTPN14_+_214724909.23-P1P2,PTPN14_118,GTGTAACCCGTAGGGCACCTCGTCTCACACCGGCAGCGGGCGCAGACTCGGGTTTAGCTGCAGGTGTACAGGTACCTAGCGTGACGCACCTGCCTGACCCCGCTCGGCGGAGTGAGCGCAGGTTTCGAGACGGTCGAAGGACTGCTCTCGAC
NRP1,NRP1_+_33623748.23-P1P2|NRP1_-_33623764.23-P1P2,GAGACACCCGGACCTCCCCT,NRP1_+_33623748.23-P1P2,GTGGCGCCCAGGGGAGGTCC,NRP1_-_33623764.23-P1P2,NRP1_119,GTGTAACCCGTAGGGCACCTCGTCTCACACCGAGACACCCGGACCTCCCCTGTTTAGCTGCAGGTGTACAGGTACCTAGCGTGACGCACCTGCCTGACCCCGTGGCGCCCAGGGGAGGTCCGTTTCGAGACGGTCGAAGGACTGCTCTCGAC
ATP5G3,ATP5G3_-_176046210.23-P1P2|ATP5G3_-_176046158.23-P1P2,GCCTCTCTGCGGAGGAAAAG,ATP5G3_-_176046210.23-P1P2,GCTGCGCGGCTGGAGATATT,ATP5G3_-_176046158.23-P1P2,ATP5G3_120,GTGTAACCCGTAGGGCACCTCGTCTCACACCGCCTCTCTGCGGAGGAAAAGGTTTAGCTGCAGGTGTACAGGTACCTAGCGTGACGCACCTGCCTGACCCCGCTGCGCGGCTGGAGATATTGTTTCGAGACGGTCGAAGGACTGCTCTCGAC
TYSND1,TYSND1_+_71906402.23-P1P2|TYSND1_-_71906416.23-P1P2,GGCTTCAGCCGGACCGGGTA,TYSND1_+_71906402.23-P1P2,GCGAGGACCCCTACCCGGTC,TYSND1_-_71906416.23-P1P2,TYSND1_121,GTGTAACCCGTAGGGCACCTCGTCTCACACCGGCTTCAGCCGGACCGGGTAGTTTAGCTGCAGGTGTACAGGTACCTAGCGTGACGCACCTGCCTGACCCCGCGAGGACCCCTACCCGGTCGTTTCGAGACGGTCGAAGGACTGCTCTCGAC
LRP11,LRP11_-_150185457.23-P1P2|LRP11_-_150185173.23-P1P2,GGCGCTGGGTGGCGACGAGT,LRP11_-_150185457.23-P1P2,GCCATGGCGACGAGAGCCAA,LRP11_-_150185173.23-P1P2,LRP11_122,GTGTAACCCGTAGGGCACCTCGTCTCACACCGGCGCTGGGTGGCGACGAGTGTTTAGCTGCAGGTGTACAGGTACCTAGCGTGACGCACCTGCCTGACCCCGCCATGGCGACGAGAGCCAAGTTTCGAGACGGTCGAAGGACTGCTCTCGAC
DUSP6,DUSP6_-_89746275.23-P1P2|DUSP6_+_89746181.23-P1P2,GGCGCGAGGCAGCTCCTCAA,DUSP6_-_89746275.23-P1P2,GTCCGGGGAGAAAGACGCCC,DUSP6_+_89746181.23-P1P2,DUSP6_123,GTGTAACCCGTAGGGCACCTCGTCTCACACCGGCGCGAGGCAGCTCCTCAAGTTTAGCTGCAGGTGTACAGGTACCTAGCGTGACGCACCTGCCTGACCCCGTCCGGGGAGAAAGACGCCCGTTTCGAGACGGTCGAAGGACTGCTCTCGAC
CTC1,CTC1_-_8151336.23-P1P2|CTC1_-_8151322.23-P1P2,GACTCACGGAGGAAGGGACC,CTC1_-_8151336.23-P1P2,GGACGTAATAGCAGCACTCA,CTC1_-_8151322.23-P1P2,CTC1_124,GTGTAACCCGTAGGGCACCTCGTCTCACACCGACTCACGGAGGAAGGGACCGTTTAGCTGCAGGTGTACAGGTACCTAGCGTGACGCACCTGCCTGACCCCGGACGTAATAGCAGCACTCAGTTTCGAGACGGTCGAAGGACTGCTCTCGAC
MOSPD1,MOSPD1_+_134049252.23-P1P2|MOSPD1_+_134049228.23-P1P2,GGACGCTGACAAAGGAGCGG,MOSPD1_+_134049252.23-P1P2,GCAGTCGCAGCTGCTTTCCG,MOSPD1_+_134049228.23-P1P2,MOSPD1_125,GTGTAACCCGTAGGGCACCTCGTCTCACACCGGACGCTGACAAAGGAGCGGGTTTAGCTGCAGGTGTACAGGTACCTAGCGTGACGCACCTGCCTGACCCCGCAGTCGCAGCTGCTTTCCGGTTTCGAGACGGTCGAAGGACTGCTCTCGAC
FRMD6,FRMD6_-_52118670.23-P1P2|FRMD6_-_52118693.23-P1P2,GCCGGTAGGAAGAGTCAGAG,FRMD6_-_52118670.23-P1P2,GGACCAGAGAGCCCAACGCC,FRMD6_-_52118693.23-P1P2,FRMD6_126,GTGTAACCCGTAGGGCACCTCGTCTCACACCGCCGGTAGGAAGAGTCAGAGGTTTAGCTGCAGGTGTACAGGTACCTAGCGTGACGCACCTGCCTGACCCCGGACCAGAGAGCCCAACGCCGTTTCGAGACGGTCGAAGGACTGCTCTCGAC
CCDC101,CCDC101_+_28565507.23-P1P2|CCDC101_+_28565298.23-P1P2,GCCCCTAGAGCGCCGCCTCA,CCDC101_+_28565507.23-P1P2,GACCTGCGTTCGAAGATTGG,CCDC101_+_28565298.23-P1P2,CCDC101_127,GTGTAACCCGTAGGGCACCTCGTCTCACACCGCCCCTAGAGCGCCGCCTCAGTTTAGCTGCAGGTGTACAGGTACCTAGCGTGACGCACCTGCCTGACCCCGACCTGCGTTCGAAGATTGGGTTTCGAGACGGTCGAAGGACTGCTCTCGAC
CDH13,CDH13_-_82660755.23-P1P2|CDH13_-_82660879.23-P1P2,GTGTCCCAGGTAGGGAAGAG,CDH13_-_82660755.23-P1P2,GGACAGATCGGGGCTCGGTA,CDH13_-_82660879.23-P1P2,CDH13_128,GTGTAACCCGTAGGGCACCTCGTCTCACACCGTGTCCCAGGTAGGGAAGAGGTTTAGCTGCAGGTGTACAGGTACCTAGCGTGACGCACCTGCCTGACCCCGGACAGATCGGGGCTCGGTAGTTTCGAGACGGTCGAAGGACTGCTCTCGAC
SGK223,SGK223_+_8243881.23-P1P2|SGK223_+_8243878.23-P1P2,GTGCGAACAATGCTCCGGCC,SGK223_+_8243881.23-P1P2,GGAACAATGCTCCGGCCGGG,SGK223_+_8243878.23-P1P2,SGK223_129,GTGTAACCCGTAGGGCACCTCGTCTCACACCGTGCGAACAATGCTCCGGCCGTTTAGCTGCAGGTGTACAGGTACCTAGCGTGACGCACCTGCCTGACCCCGGAACAATGCTCCGGCCGGGGTTTCGAGACGGTCGAAGGACTGCTCTCGAC
TMEM132D,TMEM132D_-_130388258.23-P1P2|TMEM132D_-_130388479.23-P1P2,GTCCAGGCGCAGGGCTCCGG,TMEM132D_-_130388258.23-P1P2,GCGCTCCGGCACCCAAAGTT,TMEM132D_-_130388479.23-P1P2,TMEM132D_130,GTGTAACCCGTAGGGCACCTCGTCTCACACCGTCCAGGCGCAGGGCTCCGGGTTTAGCTGCAGGTGTACAGGTACCTAGCGTGACGCACCTGCCTGACCCCGCGCTCCGGCACCCAAAGTTGTTTCGAGACGGTCGAAGGACTGCTCTCGAC
CCDC122,CCDC122_-_44453859.23-P1P2|CCDC122_-_44453846.23-P1P2,GATCAGGCGGGGAATCTGTG,CCDC122_-_44453859.23-P1P2,GATCCTGGGACGGTATCAGG,CCDC122_-_44453846.23-P1P2,CCDC122_131,GTGTAACCCGTAGGGCACCTCGTCTCACACCGATCAGGCGGGGAATCTGTGGTTTAGCTGCAGGTGTACAGGTACCTAGCGTGACGCACCTGCCTGACCCCGATCCTGGGACGGTATCAGGGTTTCGAGACGGTCGAAGGACTGCTCTCGAC
AMOTL2,AMOTL2_+_134093279.23-P1P2|AMOTL2_-_134093230.23-P1P2,GGCGCGAACAGCCAGAGCGT,AMOTL2_+_134093279.23-P1P2,GAGTCAGACACCACAACCTC,AMOTL2_-_134093230.23-P1P2,AMOTL2_132,GTGTAACCCGTAGGGCACCTCGTCTCACACCGGCGCGAACAGCCAGAGCGTGTTTAGCTGCAGGTGTACAGGTACCTAGCGTGACGCACCTGCCTGACCCCGAGTCAGACACCACAACCTCGTTTCGAGACGGTCGAAGGACTGCTCTCGAC
HECA,HECA_+_139456477.23-P1P2|HECA_-_139456471.23-P1P2,GCAGCGAAGGCGGATCCCAG,HECA_+_139456477.23-P1P2,GCTTCACGCAGGGCCGGGAA,HECA_-_139456471.23-P1P2,HECA_133,GTGTAACCCGTAGGGCACCTCGTCTCACACCGCAGCGAAGGCGGATCCCAGGTTTAGCTGCAGGTGTACAGGTACCTAGCGTGACGCACCTGCCTGACCCCGCTTCACGCAGGGCCGGGAAGTTTCGAGACGGTCGAAGGACTGCTCTCGAC
CCDC173,CCDC173_+_170550890.23-P1P2|CCDC173_+_170550833.23-P1P2,GGTACGAGTAACAACTCCAC,CCDC173_+_170550890.23-P1P2,GTCCAGATCTAGGAGCATCA,CCDC173_+_170550833.23-P1P2,CCDC173_134,GTGTAACCCGTAGGGCACCTCGTCTCACACCGGTACGAGTAACAACTCCACGTTTAGCTGCAGGTGTACAGGTACCTAGCGTGACGCACCTGCCTGACCCCGTCCAGATCTAGGAGCATCAGTTTCGAGACGGTCGAAGGACTGCTCTCGAC
SUFU,SUFU_+_104263799.23-P1P2|SUFU_-_104263756.23-P1P2,GAGACTCCCCGAGGCGATGG,SUFU_+_104263799.23-P1P2,GGCGGCGGCGACAGCCTGGG,SUFU_-_104263756.23-P1P2,SUFU_135,GTGTAACCCGTAGGGCACCTCGTCTCACACCGAGACTCCCCGAGGCGATGGGTTTAGCTGCAGGTGTACAGGTACCTAGCGTGACGCACCTGCCTGACCCCGGCGGCGGCGACAGCCTGGGGTTTCGAGACGGTCGAAGGACTGCTCTCGAC
CYLD,CYLD_-_50776054.23-P1P2|CYLD_-_50776046.23-P1P2,GAGGTAAATACTAGGGCGGT,CYLD_-_50776054.23-P1P2,GCGCGTCGGAGGTAAATACT,CYLD_-_50776046.23-P1P2,CYLD_136,GTGTAACCCGTAGGGCACCTCGTCTCACACCGAGGTAAATACTAGGGCGGTGTTTAGCTGCAGGTGTACAGGTACCTAGCGTGACGCACCTGCCTGACCCCGCGCGTCGGAGGTAAATACTGTTTCGAGACGGTCGAAGGACTGCTCTCGAC
DCUN1D3,DCUN1D3_+_20911597.23-P1P2|DCUN1D3_+_20911669.23-P1P2,GCTGGAAACGCGAGCGGGGA,DCUN1D3_+_20911597.23-P1P2,GCGGTGGGCCGCAGATGAAG,DCUN1D3_+_20911669.23-P1P2,DCUN1D3_137,GTGTAACCCGTAGGGCACCTCGTCTCACACCGCTGGAAACGCGAGCGGGGAGTTTAGCTGCAGGTGTACAGGTACCTAGCGTGACGCACCTGCCTGACCCCGCGGTGGGCCGCAGATGAAGGTTTCGAGACGGTCGAAGGACTGCTCTCGAC
LATS2,LATS2_-_21635336.23-P1P2|LATS2_-_21635258.23-P1P2,GCAGGGCGCAGGGCTCCGTC,LATS2_-_21635336.23-P1P2,GCGGCTCCGCGGGCTCCGTA,LATS2_-_21635258.23-P1P2,LATS2_138,GTGTAACCCGTAGGGCACCTCGTCTCACACCGCAGGGCGCAGGGCTCCGTCGTTTAGCTGCAGGTGTACAGGTACCTAGCGTGACGCACCTGCCTGACCCCGCGGCTCCGCGGGCTCCGTAGTTTCGAGACGGTCGAAGGACTGCTCTCGAC
SENP8,SENP8_-_72410766.23-P1P2|SENP8_+_72410819.23-P1P2,GCGCTTTCCGGCCAACACAG,SENP8_-_72410766.23-P1P2,GGCCGAGACAAACCGAAGTG,SENP8_+_72410819.23-P1P2,SENP8_139,GTGTAACCCGTAGGGCACCTCGTCTCACACCGCGCTTTCCGGCCAACACAGGTTTAGCTGCAGGTGTACAGGTACCTAGCGTGACGCACCTGCCTGACCCCGGCCGAGACAAACCGAAGTGGTTTCGAGACGGTCGAAGGACTGCTCTCGAC
DSCR3,DSCR3_+_38639614.23-P1P2|DSCR3_+_38639617.23-P1P2,GCACGCGCAGCCGGAAGTGG,DSCR3_+_38639614.23-P1P2,GGGTCACGCGCAGCCGGAAG,DSCR3_+_38639617.23-P1P2,DSCR3_140,GTGTAACCCGTAGGGCACCTCGTCTCACACCGCACGCGCAGCCGGAAGTGGGTTTAGCTGCAGGTGTACAGGTACCTAGCGTGACGCACCTGCCTGACCCCGGGTCACGCGCAGCCGGAAGGTTTCGAGACGGTCGAAGGACTGCTCTCGAC
CASC10,CASC10_-_21786190.23-P1P2|CASC10_+_21786155.23-P1P2,GGCGCGACCCTGGTCCTCAA,CASC10_-_21786190.23-P1P2,GGGTCGCGCCGAGAGGCCGG,CASC10_+_21786155.23-P1P2,CASC10_141,GTGTAACCCGTAGGGCACCTCGTCTCACACCGGCGCGACCCTGGTCCTCAAGTTTAGCTGCAGGTGTACAGGTACCTAGCGTGACGCACCTGCCTGACCCCGGGTCGCGCCGAGAGGCCGGGTTTCGAGACGGTCGAAGGACTGCTCTCGAC
KIRREL,KIRREL_+_157963838.23-P1P2|KIRREL_+_157963477.23-P1P2,GCAGAGGGCGAGGGTCGGTA,KIRREL_+_157963838.23-P1P2,GGAGAGTGAGGATCCAGACG,KIRREL_+_157963477.23-P1P2,KIRREL_142,GTGTAACCCGTAGGGCACCTCGTCTCACACCGCAGAGGGCGAGGGTCGGTAGTTTAGCTGCAGGTGTACAGGTACCTAGCGTGACGCACCTGCCTGACCCCGGAGAGTGAGGATCCAGACGGTTTCGAGACGGTCGAAGGACTGCTCTCGAC
SPOCK2,SPOCK2_+_73847833.23-P1P2|SPOCK2_-_73847985.23-P1P2,GGTTCGGGGATTGAGCTCCG,SPOCK2_+_73847833.23-P1P2,GTCCTCCATGAAATTGCCGG,SPOCK2_-_73847985.23-P1P2,SPOCK2_143,GTGTAACCCGTAGGGCACCTCGTCTCACACCGGTTCGGGGATTGAGCTCCGGTTTAGCTGCAGGTGTACAGGTACCTAGCGTGACGCACCTGCCTGACCCCGTCCTCCATGAAATTGCCGGGTTTCGAGACGGTCGAAGGACTGCTCTCGAC
NO-TARGET,10781_non-targeting_non-targeting_non-targeting,GTTCGCACCGGCCACCACAC,non-targeting_00205,GCCCGCCCCGCAGCCTAAGG,non-targeting_02976,NO-TARGET_144,GTGTAACCCGTAGGGCACCTCGTCTCACACCGTTCGCACCGGCCACCACACGTTTAGCTGCAGGTGTACAGGTACCTAGCGTGACGCACCTGCCTGACCCCGCCCGCCCCGCAGCCTAAGGGTTTCGAGACGGTCGAAGGACTGCTCTCGAC
NO-TARGET,10785_non-targeting_non-targeting_non-targeting,GGCGTTGGCTTAAGCTGTAG,non-targeting_00216,GTAGTTCCGCCAGCATTTAG,non-targeting_00857,NO-TARGET_145,GTGTAACCCGTAGGGCACCTCGTCTCACACCGGCGTTGGCTTAAGCTGTAGGTTTAGCTGCAGGTGTACAGGTACCTAGCGTGACGCACCTGCCTGACCCCGTAGTTCCGCCAGCATTTAGGTTTCGAGACGGTCGAAGGACTGCTCTCGAC
NO-TARGET,10827_non-targeting_non-targeting_non-targeting,GAGCCCTGACCCCCACCGGG,non-targeting_00470,GTACCGGGGTCTTGCGTTGG,non-targeting_02343,NO-TARGET_146,GTGTAACCCGTAGGGCACCTCGTCTCACACCGAGCCCTGACCCCCACCGGGGTTTAGCTGCAGGTGTACAGGTACCTAGCGTGACGCACCTGCCTGACCCCGTACCGGGGTCTTGCGTTGGGTTTCGAGACGGTCGAAGGACTGCTCTCGAC
NO-TARGET,11016_non-targeting_non-targeting_non-targeting,GGGCCAGGGCCCATCTCAAC,non-targeting_01734,GTATGCCTCGAATGCCCGAA,non-targeting_03775,NO-TARGET_147,GTGTAACCCGTAGGGCACCTCGTCTCACACCGGGCCAGGGCCCATCTCAACGTTTAGCTGCAGGTGTACAGGTACCTAGCGTGACGCACCTGCCTGACCCCGTATGCCTCGAATGCCCGAAGTTTCGAGACGGTCGAAGGACTGCTCTCGAC
NO-TARGET,11020_non-targeting_non-targeting_non-targeting,GGTGATATCCTACGGGATTA,non-targeting_01763,GTGTGGGGTACGGCAGACGT,non-targeting_02345,NO-TARGET_148,GTGTAACCCGTAGGGCACCTCGTCTCACACCGGTGATATCCTACGGGATTAGTTTAGCTGCAGGTGTACAGGTACCTAGCGTGACGCACCTGCCTGACCCCGTGTGGGGTACGGCAGACGTGTTTCGAGACGGTCGAAGGACTGCTCTCGAC
NO-TARGET,11042_non-targeting_non-targeting_non-targeting,GAACGGTGGTGCTTGTGTTT,non-targeting_01936,GGGCGGGGGCAACAATCCTG,non-targeting_01870,NO-TARGET_149,GTGTAACCCGTAGGGCACCTCGTCTCACACCGAACGGTGGTGCTTGTGTTTGTTTAGCTGCAGGTGTACAGGTACCTAGCGTGACGCACCTGCCTGACCCCGGGCGGGGGCAACAATCCTGGTTTCGAGACGGTCGAAGGACTGCTCTCGAC
NO-TARGET,11130_non-targeting_non-targeting_non-targeting,GCCCCCCCCTAAGACTGGAA,non-targeting_02498,GACTACCAACCGCCGTTCCG,non-targeting_03354,NO-TARGET_150,GTGTAACCCGTAGGGCACCTCGTCTCACACCGCCCCCCCCTAAGACTGGAAGTTTAGCTGCAGGTGTACAGGTACCTAGCGTGACGCACCTGCCTGACCCCGACTACCAACCGCCGTTCCGGTTTCGAGACGGTCGAAGGACTGCTCTCGAC
NO-TARGET,11219_non-targeting_non-targeting_non-targeting,GACACCGTGCGGATGATCTA,non-targeting_03045,GACGCAGGAACGGCCTTTGG,non-targeting_02403,NO-TARGET_151,GTGTAACCCGTAGGGCACCTCGTCTCACACCGACACCGTGCGGATGATCTAGTTTAGCTGCAGGTGTACAGGTACCTAGCGTGACGCACCTGCCTGACCCCGACGCAGGAACGGCCTTTGGGTTTCGAGACGGTCGAAGGACTGCTCTCGAC
NO-TARGET,11238_non-targeting_non-targeting_non-targeting,GGGACCCGGACCATGGTTTG,non-targeting_03171,GAATTGCAGGGTTTAGACCT,non-targeting_03032,NO-TARGET_152,GTGTAACCCGTAGGGCACCTCGTCTCACACCGGGACCCGGACCATGGTTTGGTTTAGCTGCAGGTGTACAGGTACCTAGCGTGACGCACCTGCCTGACCCCGAATTGCAGGGTTTAGACCTGTTTCGAGACGGTCGAAGGACTGCTCTCGAC
NO-TARGET,11311_non-targeting_non-targeting_non-targeting,GGCCAAAGACCGGTCATCGA,non-targeting_03647,GATGAGCGCGAACGCTTAGG,non-targeting_00899,NO-TARGET_153,GTGTAACCCGTAGGGCACCTCGTCTCACACCGGCCAAAGACCGGTCATCGAGTTTAGCTGCAGGTGTACAGGTACCTAGCGTGACGCACCTGCCTGACCCCGATGAGCGCGAACGCTTAGGGTTTCGAGACGGTCGAAGGACTGCTCTCGAC
NO-TARGET,11318_non-targeting_non-targeting_non-targeting,GGTGGTGCTGACAACAAGAA,non-targeting_03711,GCCTTACGTGGGATTCGGTT,non-targeting_02359,NO-TARGET_154,GTGTAACCCGTAGGGCACCTCGTCTCACACCGGTGGTGCTGACAACAAGAAGTTTAGCTGCAGGTGTACAGGTACCTAGCGTGACGCACCTGCCTGACCCCGCCTTACGTGGGATTCGGTTGTTTCGAGACGGTCGAAGGACTGCTCTCGAC
NO-TARGET,11326_non-targeting_non-targeting_non-targeting,GGATGACCGGAACTCCACTA,non-targeting_03756,GTTTCAGAAGGCGGCCATAT,non-targeting_01543,NO-TARGET_155,GTGTAACCCGTAGGGCACCTCGTCTCACACCGGATGACCGGAACTCCACTAGTTTAGCTGCAGGTGTACAGGTACCTAGCGTGACGCACCTGCCTGACCCCGTTTCAGAAGGCGGCCATATGTTTCGAGACGGTCGAAGGACTGCTCTCGAC
